strategy_id,position_size,parameter_1,value_1,parameter_2,value_2,parameter_3,value_3,parameter_4,value_4,id,created_at,updated_at,symbol,strategy_name,direction,active,personal_acc,parameter_5,value_5,backtest_period,wfe,sr,l_sr,b_sr,win_rate,trd_num,sim_ret,lev_ret,bnh_ret,sim_mdd,lev_mdd,bnh_mdd,lev_add,bnh_add,expos,leverage,timeframe,is_lev,sim_add
MACD_CROSSOVER_LONG_1D_RNDR,0.66,,,,,,,,,317,2024-03-10 10:50:56.528826-04,2024-03-10 10:50:56.528826-04,RNDR,MACD_CROSSOVER_LONG_1D,LONG,t,,,,20230309,0.6,1.76,1.55,0.62,50,2,40.4,74.3,837,-5.6,-10.3,-51.27,-4.05,-9.53,8.22,1.89,1D,f,
BOLL_BAND_MOMENTUM_LONG_1D_THETA,0.32,,,,,,,,,268,2024-03-09 06:58:58.992834-05,2024-03-09 06:58:58.992834-05,THETA,BOLL_BAND_MOMENTUM_LONG_1D,LONG,t,,,,20230308,0.45,1.56,1.23,0.73,41.7,12,53.6,106.8,201.3,-11.4,-21.55,-53.85,-7.32,0,29.32,2,1D,f,
STOCH_OSCILL_MOMENTUM_LONG_4H_GMX,0.29,,,,,,,,,492,2024-03-14 04:13:45.04544-04,2024-03-14 04:13:45.04544-04,GMX,STOCH_OSCILL_MOMENTUM_LONG_4H,LONG,t,,,,20240107,1.3,3.14,1.28,0.46,77.8,9,6.6,50.6,5.2,-2,-11.9,-32.11,-4.69,-10.16,49.32,6.67,4H,f,
STOCH_OSCILL_MOMENTUM_LONG_4H_FET,0.3,,,,,,,,,493,2024-03-14 04:13:45.04544-04,2024-03-14 04:13:45.04544-04,FET,STOCH_OSCILL_MOMENTUM_LONG_4H,LONG,t,,,,20240107,1.34,2.58,1.24,0.34,62.5,8,21.7,62.7,304.4,-6.1,-14.97,-31.68,-4.61,-7.58,45.75,2.63,4H,f,
BOLL_BAND_REVERSION_LONG_4H_ACH,0.63,,,,,,,,,677,2024-03-25 18:36:23.744702-04,2024-03-25 18:36:23.744702-04,ACH,BOLL_BAND_REVERSION_LONG_4H,LONG,t,,,,20240122,2.34,4.54,0,0.49,100,6,9.8,0,113.9,-0.7,0,-33.81,0,-6.16,7.67,1,4H,,-0.48
BOLL_BAND_REVERSION_LONG_4H_BAND,0.72,,,,,,,,,678,2024-03-25 18:36:23.744702-04,2024-03-25 18:36:23.744702-04,BAND,BOLL_BAND_REVERSION_LONG_4H,LONG,t,,,,20240122,1.06,3.23,0,0.76,100,4,9.5,0,27.5,-3.3,0,-31.39,0,-4.75,6.03,1,4H,,-1.07
BOLL_BAND_REVERSION_LONG_4H_GALA,0.7,,,,,,,,,679,2024-03-25 18:36:23.744702-04,2024-03-25 18:36:23.744702-04,GALA,BOLL_BAND_REVERSION_LONG_4H,LONG,t,,,,20240122,0.88,3.19,0,0.26,76.9,13,26.7,0,149.1,-3.6,0,-36.32,0,-4.46,16.44,1,4H,,-1.52
BOLL_BAND_REVERSION_LONG_4H_AR,0.85,,,,,,,,,680,2024-03-25 18:36:23.744702-04,2024-03-25 18:36:23.744702-04,AR,BOLL_BAND_REVERSION_LONG_4H,LONG,t,,,,20240122,0.19,3.18,0,0.19,100,9,18.8,0,306.9,-2.5,0,-31.86,0,-7.18,7.4,1,4H,,-0.66
BOLL_BAND_REVERSION_LONG_4H_SNX,0.73,,,,,,,,,681,2024-03-25 18:36:23.744702-04,2024-03-25 18:36:23.744702-04,SNX,BOLL_BAND_REVERSION_LONG_4H,LONG,t,,,,20240122,0.67,3.07,0,0.74,100,3,8.3,0,30.1,-2.7,0,-30.99,0,-5.08,3.29,1,4H,,-1.11
BOLL_BAND_REVERSION_LONG_4H_SSV,0.72,,,,,,,,,682,2024-03-25 18:36:23.744702-04,2024-03-25 18:36:23.744702-04,SSV,BOLL_BAND_REVERSION_LONG_4H,LONG,t,,,,20231122,1.12,3.01,0,0.51,100,6,12.1,0,233.4,-2.4,0,-31.38,0,-8.59,4.66,1,4H,,-1.48
BOLL_BAND_REVERSION_LONG_4H_INJ,0.84,,,,,,,,,683,2024-03-25 18:36:23.744702-04,2024-03-25 18:36:23.744702-04,INJ,BOLL_BAND_REVERSION_LONG_4H,LONG,t,,,,20240122,0.21,2.82,0,0.12,80,15,26.4,0,3.7,-3.4,0,-32.32,0,-10.3,23.56,1,4H,,-1.7
BOLL_BAND_REVERSION_LONG_4H_ADA,0.66,,,,,,,,,685,2024-03-25 18:36:23.744702-04,2024-03-25 18:36:23.744702-04,ADA,BOLL_BAND_REVERSION_LONG_4H,LONG,t,,,,20240122,0.07,2.65,0,0.83,50,8,7.6,0,25.5,-2.3,0,-26.24,0,-5.73,11.23,1,4H,,-1.31
BOLL_BAND_REVERSION_LONG_4H_RUNE,0.74,,,,,,,,,686,2024-03-25 18:36:23.744702-04,2024-03-25 18:36:23.744702-04,RUNE,BOLL_BAND_REVERSION_LONG_4H,LONG,t,,,,20240122,0.12,2.61,0,0.39,75,4,8.4,0,102.9,-4.3,0,-34.35,0,-5.94,5.48,1,4H,,-2.62
BTC_FEAR_GREED_INDEX_MOMENTUM_LONG_1D_QNT,0.61,,,,,,,,,308,2024-03-10 10:50:56.528826-04,2024-03-10 10:50:56.528826-04,QNT,BTC_FEAR_GREED_INDEX_MOMENTUM_LONG_1D,LONG,t,t,,,20230309,0.06,1.32,1.04,0.09,60,10,29.1,72.3,13.7,-8,-18.44,-36.19,-6.81,0,16.99,2.38,1D,f,
STOCH_OSCILL_MOMENTUM_LONG_1D_WBTC,0.54,,,,,,,,,347,2024-03-11 02:38:19.060573-04,2024-03-11 02:38:19.060573-04,WBTC,STOCH_OSCILL_MOMENTUM_LONG_1D,LONG,t,t,,,20230310,0.33,1.87,1.06,1.45,66.7,6,44,227.5,236.9,-5.4,-22.36,-20.09,-7.08,-4.05,28.22,4.17,1D,f,
BOLL_BAND_REVERSION_LONG_4H_XEC,0.52,,,,,,,,,684,2024-03-25 18:36:23.744702-04,2024-03-25 18:36:23.744702-04,XEC,BOLL_BAND_REVERSION_LONG_4H,LONG,t,t,,,20240122,0.82,2.68,0,0.32,63,27,9.7,0,65.3,-3.8,0,-41.33,0,-6.74,27.12,1,4H,,-1.44
MACD_CROSSOVER_LONG_4H_FLOW,0.33,,,,,,,,,561,2024-03-20 21:14:22.100666-04,2024-03-20 21:14:22.100666-04,FLOW,MACD_CROSSOVER_LONG_4H,LONG,t,,,,20240115,2.17,4.22,1.47,0.99,75,8,15.4,84,64.3,-2.8,-11.98,-18.06,-5.14,-4.91,32.6,4.55,4H,,-1.22
MACD_CROSSOVER_LONG_4H_CFX,0.24,,,,,,,,,562,2024-03-20 21:14:22.100666-04,2024-03-20 21:14:22.100666-04,CFX,MACD_CROSSOVER_LONG_4H,LONG,t,,,,20240115,2.47,4,1.38,0.58,83.3,6,5.7,60.5,121.4,-1.5,-11.66,-24.98,-8.39,-6.73,11.51,9.09,4H,,-1.04
MACD_CROSSOVER_LONG_4H_PEPE,0.21,,,,,,,,,563,2024-03-20 21:14:22.100666-04,2024-03-20 21:14:22.100666-04,PEPE,MACD_CROSSOVER_LONG_4H,LONG,t,,,,20240115,2.27,4,0.39,0.07,68.8,16,21.1,355.5,614.6,-5.1,-32.59,-29.41,-8.8,-11.6,29.04,9.09,4H,,-1.23
MACD_CROSSOVER_LONG_4H_AR,0.13,,,,,,,,,564,2024-03-20 21:14:22.100666-04,2024-03-20 21:14:22.100666-04,AR,MACD_CROSSOVER_LONG_4H,LONG,t,,,,20240115,1.82,3.8,0.86,0.21,42.9,7,10.4,107.5,244.4,-1.5,-12.8,-24.71,-5.6,-9.18,17.53,9.09,4H,,-0.69
MACD_CROSSOVER_LONG_4H_MINA,0.19,,,,,,,,,565,2024-03-20 21:14:22.100666-04,2024-03-20 21:14:22.100666-04,MINA,MACD_CROSSOVER_LONG_4H,LONG,t,,,,20240115,2.21,3.5,1.23,0.31,100,4,10,68.8,6.4,-2.3,-11.59,-26.47,-4.54,-11.12,53.15,5.88,4H,,-0.89
MACD_CROSSOVER_LONG_4H_BTC,0.41,,,,,,,,,567,2024-03-20 21:14:22.100666-04,2024-03-20 21:14:22.100666-04,BTC,MACD_CROSSOVER_LONG_4H,LONG,t,,,,20240115,1.01,3.33,2.38,1.73,66.7,6,12.5,27.6,59.3,-2.3,-4.74,-10.19,-1.04,-1.99,37.81,2.13,4H,,-0.5
MACD_CROSSOVER_LONG_4H_SOL,0.56,,,,,,,,,569,2024-03-20 21:14:22.100666-04,2024-03-20 21:14:22.100666-04,SOL,MACD_CROSSOVER_LONG_4H,LONG,t,,,,20240115,1.21,3.24,2.07,1.17,66.7,9,22.9,47.7,85.7,-4.8,-9.02,-21.43,-3.55,-5.77,30.68,1.96,4H,,-1.88
MACD_CROSSOVER_LONG_4H_DOGE,0.24,,,,,,,,,571,2024-03-20 21:14:22.100666-04,2024-03-20 21:14:22.100666-04,DOGE,MACD_CROSSOVER_LONG_4H,LONG,t,,,,20240115,0.92,2.85,0.44,0.64,50,4,15,118.3,98.2,-4,-19.56,-29.56,-8.05,-9.33,21.92,9.09,4H,,-1.34
MACD_CROSSOVER_LONG_4H_FIL,0.19,,,,,,,,,572,2024-03-20 21:14:22.100666-04,2024-03-20 21:14:22.100666-04,FIL,MACD_CROSSOVER_LONG_4H,LONG,t,,,,20240115,1.58,2.66,1.77,0.65,66.7,12,9.2,26.2,60.9,-2.3,-5.86,-21.73,-1.82,-8.62,40.55,2.7,4H,,-0.7
MACD_CROSSOVER_LONG_4H_ETH,0.56,,,,,,,,,573,2024-03-20 21:14:22.100666-04,2024-03-20 21:14:22.100666-04,ETH,MACD_CROSSOVER_LONG_4H,LONG,t,,,,20240115,-0.04,2.58,2,1.76,60,10,11.7,21.6,45.4,-6.4,-11.33,-15.53,-1.98,-2.85,48.49,1.82,4H,,-1.12
MACD_CROSSOVER_LONG_4H_BNB,0.43,,,,,,,,,574,2024-03-20 21:14:22.100666-04,2024-03-20 21:14:22.100666-04,BNB,MACD_CROSSOVER_LONG_4H,LONG,t,,,,20240115,0.34,2.57,0.91,1.23,75,4,28.7,123.1,87.2,-4.3,-10.71,-10.35,-2.64,-2.41,44.66,3.57,4H,,-0.88
MACD_CROSSOVER_LONG_4H_SHIB,0.25,,,,,,,,,575,2024-03-20 21:14:22.100666-04,2024-03-20 21:14:22.100666-04,SHIB,MACD_CROSSOVER_LONG_4H,LONG,t,,,,20240115,0.5,2.49,1.49,0.16,66.7,6,2,18.1,199.8,-1.5,-12.88,-36.24,-3.15,-7.94,22.47,9.09,4H,,-0.36
MACD_CROSSOVER_LONG_4H_RUNE,0.42,,,,,,,,,576,2024-03-20 21:14:22.100666-04,2024-03-20 21:14:22.100666-04,RUNE,MACD_CROSSOVER_LONG_4H,LONG,t,,,,20240115,0.22,2.43,0.59,0.55,57.1,7,38.1,188,93,-6.2,-18.1,-20.64,-6.97,-7.1,33.42,4.17,4H,,-2.33
MACD_CROSSOVER_LONG_4H_RNDR,0.38,,,,,,,,,577,2024-03-20 21:14:22.100666-04,2024-03-20 21:14:22.100666-04,RNDR,MACD_CROSSOVER_LONG_4H,LONG,t,,,,20240115,0.78,2.36,0.66,0.51,50,4,20,89,178.5,-6.9,-23,-22.66,-8.97,-6.6,38.08,4.55,4H,,-2.78
MACD_CROSSOVER_LONG_4H_NEAR,0.22,,,,,,,,,578,2024-03-20 21:14:22.100666-04,2024-03-20 21:14:22.100666-04,NEAR,MACD_CROSSOVER_LONG_4H,LONG,t,,,,20231115,0.77,2.33,0.25,0.41,52.9,17,24,324,326.9,-5.4,-40.28,-44.17,-10.47,-8.12,28.22,9.09,4H,,-1.39
MACD_CROSSOVER_LONG_4H_CAKE,0.71,,,,,,,,,579,2024-03-20 21:14:22.100666-04,2024-03-20 21:14:22.100666-04,CAKE,MACD_CROSSOVER_LONG_4H,LONG,t,,,,20240115,0.69,2.3,1.4,0.85,71.4,7,38.5,73.8,52.3,-6.4,-10.9,-19.73,-3.49,-4.85,46.03,1.82,4H,,-2.02
MACD_CROSSOVER_LONG_4H_AGIX,0.19,,,,,,,,,580,2024-03-20 21:14:22.100666-04,2024-03-20 21:14:22.100666-04,AGIX,MACD_CROSSOVER_LONG_4H,LONG,t,,,,20231115,0.35,2.23,0.38,0.41,38.5,13,25.2,171.1,348.4,-5.7,-42.76,-32.36,-11.19,-8.59,47.67,9.09,4H,,-1.71
MACD_CROSSOVER_LONG_4H_AVAX,0.24,,,,,,,,,581,2024-03-20 21:14:22.100666-04,2024-03-20 21:14:22.100666-04,AVAX,MACD_CROSSOVER_LONG_4H,LONG,t,,,,20240115,-0.13,2.07,0.96,0.89,60,5,7.2,38.6,52.9,-4.3,-18.98,-23.3,-6.02,-7.66,48.77,5,4H,,-1.39
MACD_CROSSOVER_LONG_4H_FET,0.42,,,,,,,,,582,2024-03-20 21:14:22.100666-04,2024-03-20 21:14:22.100666-04,FET,MACD_CROSSOVER_LONG_4H,LONG,t,,,,20231115,0.39,1.8,0.77,0.42,35.3,17,58.1,183.2,530.5,-18.4,-40.75,-31.79,-7.93,-6.88,45.21,2.63,4H,,-3.84
MACD_CROSSOVER_LONG_4H_GRT,0.43,,,,,,,,,583,2024-03-20 21:14:22.100666-04,2024-03-20 21:14:22.100666-04,GRT,MACD_CROSSOVER_LONG_4H,LONG,t,,,,20231115,-0.06,1.8,0.49,0.56,45,20,38.3,189.3,201.1,-5.6,-20.53,-34.99,-6.03,-7.79,33.84,3.85,4H,,-1.69
MACD_CROSSOVER_LONG_4H_ETC,0.47,,,,,,,,,584,2024-03-20 21:14:22.100666-04,2024-03-20 21:14:22.100666-04,ETC,MACD_CROSSOVER_LONG_4H,LONG,t,,,,20240115,-0.07,1.75,1.43,0.87,42.9,7,3.5,9.6,21.4,-4.9,-12.13,-19.86,-4.57,-5.9,32.88,2.78,4H,,-1.54
MACD_CROSSOVER_LONG_4H_STX,0.24,,,,,,,,,585,2024-03-20 21:14:22.100666-04,2024-03-20 21:14:22.100666-04,STX,MACD_CROSSOVER_LONG_4H,LONG,t,,,,20231115,0.22,1.69,0.63,0.42,42.9,21,25.1,119.9,328.2,-5.8,-20.9,-37.66,-7.78,-9.8,35.62,4,4H,,-2.13
MACD_CROSSOVER_LONG_4H_FLOKI,0.16,,,,,,,,,586,2024-03-20 21:14:22.100666-04,2024-03-20 21:14:22.100666-04,FLOKI,MACD_CROSSOVER_LONG_4H,LONG,t,,,,20231115,-0.18,1.59,0.1,0.11,33.3,12,48.1,513.4,618.1,-8.7,-57.42,-36.71,-11.7,-11.06,45.48,9.09,4H,,-2.1
MACD_CROSSOVER_LONG_4H_AAVE,0.64,,,,,,,,,587,2024-03-20 21:14:22.100666-04,2024-03-20 21:14:22.100666-04,AAVE,MACD_CROSSOVER_LONG_4H,LONG,t,,,,20240115,-0.95,1.57,0.94,0.8,62.5,8,6.2,20.9,23.2,-6,-19.04,-23.41,-7.6,-6.92,25.48,3.45,4H,,-2.32
MACD_CROSSOVER_LONG_4H_OSMO,0.15,,,,,,,,,588,2024-03-20 21:14:22.100666-04,2024-03-20 21:14:22.100666-04,OSMO,MACD_CROSSOVER_LONG_4H,LONG,t,,,,20231115,-0.11,1.49,0.47,0.5,33.3,18,9.7,71,123.5,-5.8,-33.64,-34.6,-6.68,-7.12,38.36,9.09,4H,,-1.07
K_CHANNEL_REVERSION_LONG_4H_BCH,1,,,,,,,,,717,2024-03-25 18:36:23.744702-04,2024-03-25 18:36:23.744702-04,BCH,K_CHANNEL_REVERSION_LONG_4H,LONG,t,,,,20240122,-0.06,2.2,0,0.27,100,2,15.7,0,81.4,-1.8,0,-29.07,0,-4.28,6.3,1,4H,,-0.86
K_CHANNEL_REVERSION_LONG_4H_INJ,0.85,,,,,,,,,718,2024-03-25 18:36:23.744702-04,2024-03-25 18:36:23.744702-04,INJ,K_CHANNEL_REVERSION_LONG_4H,LONG,t,,,,20240122,0.49,2.18,0,0.12,100,3,16,0,3.7,-6.2,0,-32.32,0,-10.3,9.86,1,4H,,-2.61
K_CHANNEL_REVERSION_LONG_4H_SHIB,0.75,,,,,,,,,719,2024-03-25 18:36:23.744702-04,2024-03-25 18:36:23.744702-04,SHIB,K_CHANNEL_REVERSION_LONG_4H,LONG,t,,,,20240122,0.64,2.16,0,0.13,100,2,3.8,0,196.9,-3.5,0,-43.52,0,-4.81,2.19,1,4H,,-1.25
K_CHANNEL_REVERSION_LONG_4H_AAVE,0.77,,,,,,,,,720,2024-03-25 18:36:23.744702-04,2024-03-25 18:36:23.744702-04,AAVE,K_CHANNEL_REVERSION_LONG_4H,LONG,t,,,,20240122,-0.42,2.07,0,0.73,75,4,7,0,29.9,-4.5,0,-27.39,0,-5.43,18.08,1,4H,,-1.4
K_CHANNEL_REVERSION_LONG_4H_CFX,0.75,,,,,,,,,721,2024-03-25 18:36:23.744702-04,2024-03-25 18:36:23.744702-04,CFX,K_CHANNEL_REVERSION_LONG_4H,LONG,t,,,,20240122,0.42,2.06,0,0.57,83.3,6,15.3,0,145.4,-4.7,0,-20.62,0,-7.14,11.51,1,4H,,-1.93
K_CHANNEL_REVERSION_LONG_4H_XRP,1,,,,,,,,,722,2024-03-25 18:36:23.744702-04,2024-03-25 18:36:23.744702-04,XRP,K_CHANNEL_REVERSION_LONG_4H,LONG,t,,,,20240122,0.59,2.06,0,0.64,100,1,3.7,0,15.8,-2.2,0,-20.14,0,-4.75,5.48,1,4H,,-1.06
K_CHANNEL_REVERSION_LONG_4H_RAY,0.85,,,,,,,,,723,2024-03-25 18:36:23.744702-04,2024-03-25 18:36:23.744702-04,RAY,K_CHANNEL_REVERSION_LONG_4H,LONG,t,,,,20240122,-0.14,2.05,0,0.3,71.4,7,12.7,0,76.3,-5.6,0,-35.01,0,-12.94,9.32,1,4H,,-2.07
K_CHANNEL_REVERSION_LONG_4H_ACH,0.74,,,,,,,,,724,2024-03-25 18:36:23.744702-04,2024-03-25 18:36:23.744702-04,ACH,K_CHANNEL_REVERSION_LONG_4H,LONG,t,,,,20240122,0.19,2.02,0,0.49,100,4,10.8,0,113.9,-5.8,0,-33.81,0,-6.16,5.48,1,4H,,-1.64
K_CHANNEL_REVERSION_LONG_4H_WLD,1,,,,,,,,,725,2024-03-25 18:36:23.744702-04,2024-03-25 18:36:23.744702-04,WLD,K_CHANNEL_REVERSION_LONG_4H,LONG,t,,,,20240122,-0.47,1.97,0,0.09,100,2,11.7,0,243.3,-3.6,0,-35.85,0,-7.51,3.29,1,4H,,-2.12
K_CHANNEL_REVERSION_LONG_4H_RUNE,1,,,,,,,,,726,2024-03-25 18:36:23.744702-04,2024-03-25 18:36:23.744702-04,RUNE,K_CHANNEL_REVERSION_LONG_4H,LONG,t,,,,20240122,-0.4,1.93,0,0.39,100,1,6.7,0,102.9,-5.7,0,-34.35,0,-5.94,1.37,1,4H,,-2.86
K_CHANNEL_REVERSION_LONG_4H_ASTR,1,,,,,,,,,727,2024-03-25 18:36:23.744702-04,2024-03-25 18:36:23.744702-04,ASTR,K_CHANNEL_REVERSION_LONG_4H,LONG,t,,,,20240122,0.16,1.88,0,0,100,1,7.4,0,-25.4,0,0,-32.29,0,-10.27,0.55,1,4H,,NaN
SMA_CROSSOVER_LONG_4H_PEPE,0.27,,,,,,,,,664,2024-03-20 23:54:21.630858-04,2024-03-20 23:54:21.630858-04,PEPE,SMA_CROSSOVER_LONG_4H,LONG,t,,,,20240115,-0.34,1.51,0.3,0.07,60,5,32.6,117.5,614.6,-7,-20.45,-29.41,-7.08,-11.6,24.11,3.85,4H,,
SMA_CROSSOVER_LONG_4H_CHZ,0.71,,,,,,,,,665,2024-03-20 23:54:21.630858-04,2024-03-20 23:54:21.630858-04,CHZ,SMA_CROSSOVER_LONG_4H,LONG,t,,,,20240115,-1.15,1.5,0.4,0.62,100,5,17,75.7,65.2,-6.6,-20.38,-23.03,-12.22,-6.75,29.32,3.85,4H,,
SMA_CROSSOVER_LONG_4H_SOL,0.55,,,,,,,,,666,2024-03-20 23:54:21.630858-04,2024-03-20 23:54:21.630858-04,SOL,SMA_CROSSOVER_LONG_4H,LONG,t,,,,20240115,-0.54,1.5,0.77,1.17,50,10,12.1,31,85.7,-8.1,-20.78,-21.43,-9.34,-5.77,38.9,2.7,4H,,
BOLL_BAND_REVERSION_LONG_4H_LTC,0.58,,,,,,,,,687,2024-03-25 18:36:23.744702-04,2024-03-25 18:36:23.744702-04,LTC,BOLL_BAND_REVERSION_LONG_4H,LONG,t,,,,20240122,1.16,2.52,0,0.76,66.7,3,2.6,0,22.3,-1.5,0,-25.29,0,-3.98,5.21,1,4H,,-0.99
BOLL_BAND_REVERSION_LONG_4H_CHZ,0.58,,,,,,,,,688,2024-03-25 18:36:23.744702-04,2024-03-25 18:36:23.744702-04,CHZ,BOLL_BAND_REVERSION_LONG_4H,LONG,t,,,,20240122,0.92,2.48,0,0.67,75,4,7.8,0,45.2,-2.4,0,-27.76,0,-6.03,4.11,1,4H,,-0.67
BOLL_BAND_REVERSION_LONG_4H_STX,0.78,,,,,,,,,689,2024-03-25 18:36:23.744702-04,2024-03-25 18:36:23.744702-04,STX,BOLL_BAND_REVERSION_LONG_4H,LONG,t,,,,20240122,0.55,2.41,0,0.64,100,3,17.5,0,152.1,-5.3,0,-23.69,0,-5.65,9.04,1,4H,,-2.28
BOLL_BAND_REVERSION_LONG_4H_BNB,0.58,,,,,,,,,691,2024-03-25 18:36:23.744702-04,2024-03-25 18:36:23.744702-04,BNB,BOLL_BAND_REVERSION_LONG_4H,LONG,t,,,,20240122,0.87,2.25,0,1.02,100,1,2,0,77,-0.8,0,-19.76,0,-2.95,0.82,1,4H,,-0.84
BOLL_BAND_REVERSION_LONG_4H_PEPE,0.71,,,,,,,,,692,2024-03-25 18:36:23.744702-04,2024-03-25 18:36:23.744702-04,PEPE,BOLL_BAND_REVERSION_LONG_4H,LONG,t,,,,20240122,0.2,2.22,0,0.05,100,1,0.7,0,589.8,-0.8,0,-40.13,0,-10.72,1.92,1,4H,,-0.76
BOLL_BAND_REVERSION_LONG_4H_RAY,0.77,,,,,,,,,693,2024-03-25 18:36:23.744702-04,2024-03-25 18:36:23.744702-04,RAY,BOLL_BAND_REVERSION_LONG_4H,LONG,t,,,,20240122,0.29,2.21,0,0.3,100,1,2.6,0,76.3,-1.5,0,-35.01,0,-12.94,1.1,1,4H,,-1.54
BOLL_BAND_REVERSION_LONG_4H_XRP,0.61,,,,,,,,,694,2024-03-25 18:36:23.744702-04,2024-03-25 18:36:23.744702-04,XRP,BOLL_BAND_REVERSION_LONG_4H,LONG,t,,,,20240122,-0.41,2.19,0,0.64,76.9,13,7.9,0,15.8,-3.9,0,-20.14,0,-4.75,26.58,1,4H,,-2.08
BOLL_BAND_REVERSION_LONG_4H_GRT,0.72,,,,,,,,,695,2024-03-25 18:36:23.744702-04,2024-03-25 18:36:23.744702-04,GRT,BOLL_BAND_REVERSION_LONG_4H,LONG,t,,,,20240122,0.08,2.18,0,0.47,75,4,21.3,0,138.7,-2.4,0,-24.65,0,-4.31,5.21,1,4H,,-1.44
BOLL_BAND_REVERSION_LONG_4H_ASTR,0.53,,,,,,,,,696,2024-03-25 18:36:23.744702-04,2024-03-25 18:36:23.744702-04,ASTR,BOLL_BAND_REVERSION_LONG_4H,LONG,t,,,,20240122,1.05,2.11,0,0,100,1,3.9,0,-25.4,0,0,-32.29,0,-10.27,0.55,1,4H,,NaN
BOLL_BAND_REVERSION_LONG_4H_SOL,0.67,,,,,,,,,697,2024-03-25 18:36:23.744702-04,2024-03-25 18:36:23.744702-04,SOL,BOLL_BAND_REVERSION_LONG_4H,LONG,t,,,,20240122,0.12,2.09,0,0.95,75,4,10,0,97.6,-4.1,0,-18.39,0,-5.1,8.22,1,4H,,-1.68
BOLL_BAND_REVERSION_LONG_4H_BCH,1,,,,,,,,,698,2024-03-25 18:36:23.744702-04,2024-03-25 18:36:23.744702-04,BCH,BOLL_BAND_REVERSION_LONG_4H,LONG,t,,,,20240122,0.27,1.97,0,0.27,100,1,16.8,0,81.4,-0.8,0,-29.07,0,-4.28,2.19,1,4H,,-0.62
BOLL_BAND_REVERSION_LONG_4H_FET,0.79,,,,,,,,,699,2024-03-25 18:36:23.744702-04,2024-03-25 18:36:23.744702-04,FET,BOLL_BAND_REVERSION_LONG_4H,LONG,t,,,,20240122,-0.81,1.95,0,0.27,100,2,19.9,0,322,-3.7,0,-23.85,0,-5.25,1.92,1,4H,,-1.82
BOLL_BAND_REVERSION_LONG_4H_MINA,0.79,,,,,,,,,700,2024-03-25 18:36:23.744702-04,2024-03-25 18:36:23.744702-04,MINA,BOLL_BAND_REVERSION_LONG_4H,LONG,t,,,,20240122,-1.06,1.69,0,0.53,50,2,4.4,0,12.1,-3.2,0,-31.96,0,-6.46,6.58,1,4H,,-2.71
BOLL_BAND_REVERSION_LONG_4H_MATIC,0.5,,,,,,,,,701,2024-03-25 18:36:23.744702-04,2024-03-25 18:36:23.744702-04,MATIC,BOLL_BAND_REVERSION_LONG_4H,LONG,t,,,,20240122,0.21,1.65,0,0.79,100,2,4.1,0,27.2,-2.5,0,-26.88,0,-3.98,13.15,1,4H,,-1.27
BOLL_BAND_REVERSION_LONG_4H_RNDR,0.59,,,,,,,,,702,2024-03-25 18:36:23.744702-04,2024-03-25 18:36:23.744702-04,RNDR,BOLL_BAND_REVERSION_LONG_4H,LONG,t,,,,20231122,-0.9,1.55,0,0.5,60.9,23,11.7,0,219.1,-5.5,0,-33.03,0,-7.64,12.05,1,4H,,-2.38
K_CHANNEL_REVERSION_LONG_4H_SSV,0.53,,,,,,,,,703,2024-03-25 18:36:23.744702-04,2024-03-25 18:36:23.744702-04,SSV,K_CHANNEL_REVERSION_LONG_4H,LONG,t,,,,20240122,3.31,5.03,0,0.53,100,13,17.1,0,86.6,-1.4,0,-24.28,0,-7.06,14.79,1,4H,,-0.65
K_CHANNEL_REVERSION_LONG_4H_ADA,0.37,,,,,,,,,706,2024-03-25 18:36:23.744702-04,2024-03-25 18:36:23.744702-04,ADA,K_CHANNEL_REVERSION_LONG_4H,LONG,t,,,,20240122,1.93,3.5,0,0.83,100,4,4.7,0,25.5,-1,0,-26.24,0,-5.73,4.38,1,4H,,-0.59
K_CHANNEL_REVERSION_LONG_4H_OSMO,1,,,,,,,,,707,2024-03-25 18:36:23.744702-04,2024-03-25 18:36:23.744702-04,OSMO,K_CHANNEL_REVERSION_LONG_4H,LONG,t,,,,20240122,1.08,3.37,0,0,100,5,12.2,0,-13.1,-4,0,-30.12,0,-6.17,6.3,1,4H,,-1.29
K_CHANNEL_REVERSION_LONG_4H_PEPE,0.83,,,,,,,,,708,2024-03-25 18:36:23.744702-04,2024-03-25 18:36:23.744702-04,PEPE,K_CHANNEL_REVERSION_LONG_4H,LONG,t,,,,20240122,-0.03,3.12,0,0.05,100,4,13.6,0,589.8,-7.5,0,-40.13,0,-10.72,7.95,1,4H,,-2.7
K_CHANNEL_REVERSION_LONG_4H_LTC,1,,,,,,,,,709,2024-03-25 18:36:23.744702-04,2024-03-25 18:36:23.744702-04,LTC,K_CHANNEL_REVERSION_LONG_4H,LONG,t,,,,20240122,-0.18,3,0,0.76,100,3,7.3,0,22.3,-0.7,0,-25.29,0,-3.98,3.56,1,4H,,-0.69
SMA_CROSSOVER_LONG_4H_FLOW,0.67,,,,,,,,,628,2024-03-20 23:54:21.630858-04,2024-03-20 23:54:21.630858-04,FLOW,SMA_CROSSOVER_LONG_4H,LONG,t,,,,20240115,1.11,3.48,1.32,0.99,100,3,26.7,107.4,64.3,-3.7,-11.7,-18.06,-4.53,-4.91,25.48,3.45,4H,,
SMA_CROSSOVER_LONG_4H_BNB,0.53,,,,,,,,,629,2024-03-20 23:54:21.630858-04,2024-03-20 23:54:21.630858-04,BNB,SMA_CROSSOVER_LONG_4H,LONG,t,,,,20240115,1.38,3,1,1.23,50,2,12.2,70,87.2,-2.5,-14.99,-10.35,-3.99,-2.41,36.99,6.25,4H,,
SMA_CROSSOVER_LONG_4H_RUNE,0.3,,,,,,,,,630,2024-03-20 23:54:21.630858-04,2024-03-20 23:54:21.630858-04,RUNE,SMA_CROSSOVER_LONG_4H,LONG,t,,,,20240115,0.8,2.84,0.72,0.55,70,10,23.5,130.4,93,-4.6,-20.32,-20.64,-6.85,-7.1,50.96,4.76,4H,,
SMA_CROSSOVER_LONG_4H_SHIB,0.57,,,,,,,,,631,2024-03-20 23:54:21.630858-04,2024-03-20 23:54:21.630858-04,SHIB,SMA_CROSSOVER_LONG_4H,LONG,t,,,,20240115,0.99,2.81,1,0.16,66.7,3,11,61.8,199.8,-7.8,-25.12,-36.24,-5.74,-7.94,23.84,5.26,4H,,
SMA_CROSSOVER_LONG_4H_RNDR,0.32,,,,,,,,,632,2024-03-20 23:54:21.630858-04,2024-03-20 23:54:21.630858-04,RNDR,SMA_CROSSOVER_LONG_4H,LONG,t,,,,20240115,0.75,2.43,0.99,0.51,55.6,9,22.9,78.6,178.5,-7.3,-18.25,-22.66,-5.96,-6.6,63.84,3.12,4H,,
SMA_CROSSOVER_LONG_4H_AGIX,0.31,,,,,,,,,633,2024-03-20 23:54:21.630858-04,2024-03-20 23:54:21.630858-04,AGIX,SMA_CROSSOVER_LONG_4H,LONG,t,,,,20231115,1.1,2.61,1.13,0.41,71.4,7,8,84.4,348.4,-1.4,-11.69,-32.36,-3.82,-8.59,6.71,9.09,4H,,
SMA_CROSSOVER_LONG_4H_BTC,0.39,,,,,,,,,634,2024-03-20 23:54:21.630858-04,2024-03-20 23:54:21.630858-04,BTC,SMA_CROSSOVER_LONG_4H,LONG,t,,,,20231115,0.35,2.47,0.62,1.54,62.5,16,22.2,233.9,87.8,-4.6,-20.33,-17.46,-5.19,-2.52,50.41,7.69,4H,,
SMA_CROSSOVER_LONG_4H_CFX,0.27,,,,,,,,,635,2024-03-20 23:54:21.630858-04,2024-03-20 23:54:21.630858-04,CFX,SMA_CROSSOVER_LONG_4H,LONG,t,,,,20240115,1.24,2.43,1.85,0.58,75,8,13.7,25.2,121.4,-3.8,-6.72,-24.98,-2.93,-6.73,27.95,1.79,4H,,
SMA_CROSSOVER_LONG_4H_GMX,0.23,,,,,,,,,636,2024-03-20 23:54:21.630858-04,2024-03-20 23:54:21.630858-04,GMX,SMA_CROSSOVER_LONG_4H,LONG,t,,,,20240115,0.42,1.79,0.89,0.05,58.3,12,4.2,26.3,-1.4,-2.6,-15.25,-26.96,-4.12,-11.87,55.89,6.25,4H,,
SMA_CROSSOVER_LONG_4H_ETH,0.46,,,,,,,,,637,2024-03-20 23:54:21.630858-04,2024-03-20 23:54:21.630858-04,ETH,SMA_CROSSOVER_LONG_4H,LONG,t,,,,20231115,0.75,2.4,0.89,1.47,63.6,11,18.9,127,81.5,-6.5,-30.28,-17.77,-5.76,-3.27,40.68,5.56,4H,,
SMA_CROSSOVER_LONG_4H_DOGE,0.56,,,,,,,,,638,2024-03-20 23:54:21.630858-04,2024-03-20 23:54:21.630858-04,DOGE,SMA_CROSSOVER_LONG_4H,LONG,t,,,,20231115,1.42,2.38,2.02,0.77,75,12,10.2,21.1,114.7,-5.9,-11.72,-29.56,-4.22,-10.28,9.73,2.04,4H,,
SMA_CROSSOVER_LONG_4H_RAY,0.47,,,,,,,,,639,2024-03-20 23:54:21.630858-04,2024-03-20 23:54:21.630858-04,RAY,SMA_CROSSOVER_LONG_4H,LONG,t,,,,20240115,1.11,2.32,1.57,0.46,71.4,7,19,36.7,41.1,-6.1,-10.93,-35.05,-3.34,-11.45,13.15,1.85,4H,,
SMA_CROSSOVER_LONG_4H_FIL,0.16,,,,,,,,,640,2024-03-20 23:54:21.630858-04,2024-03-20 23:54:21.630858-04,FIL,SMA_CROSSOVER_LONG_4H,LONG,t,,,,20240115,1.28,2.32,1.5,0.65,41.2,17,6,20.8,60.9,-3,-9.94,-21.73,-5.44,-8.62,46.3,3.45,4H,,
SMA_CROSSOVER_LONG_4H_LINK,0.47,,,,,,,,,641,2024-03-20 23:54:21.630858-04,2024-03-20 23:54:21.630858-04,LINK,SMA_CROSSOVER_LONG_4H,LONG,t,,,,20240115,0.3,2.25,0.84,0.9,66.7,3,11.4,53.2,24.3,-5.3,-21.99,-17.17,-9.18,-7.33,25.21,4.76,4H,,
SMA_CROSSOVER_LONG_4H_NEAR,0.42,,,,,,,,,642,2024-03-20 23:54:21.630858-04,2024-03-20 23:54:21.630858-04,NEAR,SMA_CROSSOVER_LONG_4H,LONG,t,,,,20240115,0.58,2.24,0.78,0.34,75,4,15.4,65.1,114.2,-6.9,-23.85,-25.48,-6.7,-8.21,29.59,3.85,4H,,
K_CHANNEL_REVERSION_LONG_4H_XLM,0.81,,,,,,,,,711,2024-03-25 18:36:23.744702-04,2024-03-25 18:36:23.744702-04,XLM,K_CHANNEL_REVERSION_LONG_4H,LONG,t,,,,20240122,1.02,2.96,0,0.66,100,6,16.9,0,13.5,-4.5,0,-24.75,0,-6.47,21.1,1,4H,,-1.19
SMA_CROSSOVER_LONG_4H_YFI,0.19,,,,,,,,,644,2024-03-20 23:54:21.630858-04,2024-03-20 23:54:21.630858-04,YFI,SMA_CROSSOVER_LONG_4H,LONG,t,,,,20240115,0.4,2.11,1.43,1.26,66.7,3,2.5,18.1,19.5,-3.9,-21.04,-16.8,-4.3,-9.79,40.82,7.14,4H,,
SMA_CROSSOVER_LONG_4H_OP,0.39,,,,,,,,,645,2024-03-20 23:54:21.630858-04,2024-03-20 23:54:21.630858-04,OP,SMA_CROSSOVER_LONG_4H,LONG,t,,,,20240115,0.7,2.11,1.22,0.41,60,10,14.8,35.7,5.7,-6,-14.01,-25.43,-4.53,-8.63,52.6,2.44,4H,,
SMA_CROSSOVER_LONG_4H_ETC,0.33,,,,,,,,,646,2024-03-20 23:54:21.630858-04,2024-03-20 23:54:21.630858-04,ETC,SMA_CROSSOVER_LONG_4H,LONG,t,,,,20231115,-0.09,2.07,0.84,0.79,50,10,7.7,73.9,67,-4.1,-29.82,-28.95,-15.27,-7.24,16.16,9.09,4H,,
SMA_CROSSOVER_LONG_4H_SUI,0.17,,,,,,,,,647,2024-03-20 23:54:21.630858-04,2024-03-20 23:54:21.630858-04,SUI,SMA_CROSSOVER_LONG_4H,LONG,t,,,,20231115,0.3,2.02,0.67,0.49,52.9,17,9.3,95.9,139.6,-3,-23.36,-31.8,-7,-8.72,24.79,9.09,4H,,
SMA_CROSSOVER_LONG_4H_ACH,0.32,,,,,,,,,648,2024-03-20 23:54:21.630858-04,2024-03-20 23:54:21.630858-04,ACH,SMA_CROSSOVER_LONG_4H,LONG,t,,,,20231115,0.25,1.93,1.04,0.7,36.4,11,23,74.7,124.6,-7.6,-22.13,-33.99,-6.9,-9.74,43.56,3.23,4H,,
SMA_CROSSOVER_LONG_4H_FTM,0.15,,,,,,,,,649,2024-03-20 23:54:21.630858-04,2024-03-20 23:54:21.630858-04,FTM,SMA_CROSSOVER_LONG_4H,LONG,t,,,,20231115,0.35,1.92,0.63,0.57,77.8,9,10.4,124.4,141.1,-4.6,-30.08,-43.54,-6.32,-9.63,39.59,9.09,4H,,
SMA_CROSSOVER_LONG_4H_ASTR,0.38,,,,,,,,,650,2024-03-20 23:54:21.630858-04,2024-03-20 23:54:21.630858-04,ASTR,SMA_CROSSOVER_LONG_4H,LONG,t,,,,20231115,-0.24,1.9,0.57,0.61,61.1,18,9.2,88,118.7,-3.9,-30.91,-37.69,-16.12,-9.48,16.85,9.09,4H,,
K_CHANNEL_REVERSION_LONG_4H_RNDR,1,,,,,,,,,712,2024-03-25 18:36:23.744702-04,2024-03-25 18:36:23.744702-04,RNDR,K_CHANNEL_REVERSION_LONG_4H,LONG,t,,,,20240122,1.12,2.86,0,0.36,100,4,18.3,0,177.4,-3.4,0,-22.66,0,-6.62,5.21,1,4H,,-2.01
SMA_CROSSOVER_LONG_4H_MINA,0.12,,,,,,,,,652,2024-03-20 23:54:21.630858-04,2024-03-20 23:54:21.630858-04,MINA,SMA_CROSSOVER_LONG_4H,LONG,t,,,,20231115,0.47,1.86,0.98,0.55,38.5,13,7.7,55.1,108.6,-3.7,-19.14,-40.31,-8.18,-9.95,40.96,7.14,4H,,
SMA_CROSSOVER_LONG_4H_APT,0.21,,,,,,,,,653,2024-03-20 23:54:21.630858-04,2024-03-20 23:54:21.630858-04,APT,SMA_CROSSOVER_LONG_4H,LONG,t,,,,20240115,0.75,1.86,0.94,0.74,75,4,6.5,29.9,37.4,-2.6,-11.2,-24.6,-4.5,-10.4,31.51,4.55,4H,,
SMA_CROSSOVER_LONG_4H_BCH,0.52,,,,,,,,,654,2024-03-20 23:54:21.630858-04,2024-03-20 23:54:21.630858-04,BCH,SMA_CROSSOVER_LONG_4H,LONG,t,,,,20240115,-0.6,1.86,0.74,0.28,50,6,7.7,38.4,62.3,-3.9,-18.07,-25.82,-5.34,-6.39,24.11,5,4H,,
SMA_CROSSOVER_LONG_4H_SAND,0.22,,,,,,,,,655,2024-03-20 23:54:21.630858-04,2024-03-20 23:54:21.630858-04,SAND,SMA_CROSSOVER_LONG_4H,LONG,t,,,,20240115,0.81,2.43,1.13,1.05,33.3,3,4,29.3,34.1,-2.2,-15.79,-17.9,-5.35,-4.31,20.27,7.69,4H,,
SMA_CROSSOVER_LONG_4H_RIF,0.28,,,,,,,,,656,2024-03-20 23:54:21.630858-04,2024-03-20 23:54:21.630858-04,RIF,SMA_CROSSOVER_LONG_4H,LONG,t,,,,20240115,0.51,1.73,1.1,0.53,42.9,14,14.4,31.2,78.7,-6.9,-12.88,-25.42,-5.27,-8.29,54.52,2.17,4H,,
SMA_CROSSOVER_LONG_4H_ALGO,0.52,,,,,,,,,657,2024-03-20 23:54:21.630858-04,2024-03-20 23:54:21.630858-04,ALGO,SMA_CROSSOVER_LONG_4H,LONG,t,,,,20240115,-0.28,1.97,0.78,1.02,50,4,7.6,34.3,51.1,-4.8,-23.97,-22.46,-12.49,-6.27,24.66,5.26,4H,,
SMA_CROSSOVER_LONG_4H_AVAX,0.63,,,,,,,,,658,2024-03-20 23:54:21.630858-04,2024-03-20 23:54:21.630858-04,AVAX,SMA_CROSSOVER_LONG_4H,LONG,t,,,,20231115,0.05,1.68,0.6,0.77,50,6,63.9,181.9,180.2,-14,-35.79,-43.48,-11.84,-9.9,38.49,3.12,4H,,
SMA_CROSSOVER_LONG_4H_THETA,0.33,,,,,,,,,660,2024-03-20 23:54:21.630858-04,2024-03-20 23:54:21.630858-04,THETA,SMA_CROSSOVER_LONG_4H,LONG,t,,,,20240115,-0.21,1.63,0.25,0.63,41.2,17,12.7,63,188.3,-10.7,-46.51,-18.4,-10.16,-5.36,58.63,5.56,4H,,
SMA_CROSSOVER_LONG_4H_CAKE,0.31,,,,,,,,,661,2024-03-20 23:54:21.630858-04,2024-03-20 23:54:21.630858-04,CAKE,SMA_CROSSOVER_LONG_4H,LONG,t,,,,20231115,-0.06,1.59,0.62,0.66,50,6,10.7,72,68.8,-7.1,-29.75,-40.05,-8.67,-7.84,20,7.14,4H,,
SMA_CROSSOVER_LONG_4H_FET,0.35,,,,,,,,,662,2024-03-20 23:54:21.630858-04,2024-03-20 23:54:21.630858-04,FET,SMA_CROSSOVER_LONG_4H,LONG,t,,,,20231115,0.23,1.58,1,0.42,44.4,27,23.3,57.9,530.5,-13.1,-28.51,-31.79,-7.98,-6.88,47.12,2.44,4H,,
SMA_CROSSOVER_LONG_4H_SEI,0.55,,,,,,,,,663,2024-03-20 23:54:21.630858-04,2024-03-20 23:54:21.630858-04,SEI,SMA_CROSSOVER_LONG_4H,LONG,t,,,,20240115,-0.27,1.56,0.96,0.33,50,8,5.8,16.9,40.1,-5.5,-16.94,-33.58,-11.89,-12.08,13.15,3.23,4H,,
K_CHANNEL_REVERSION_LONG_4H_HBAR,1,,,,,,,,,713,2024-03-25 18:36:23.744702-04,2024-03-25 18:36:23.744702-04,HBAR,K_CHANNEL_REVERSION_LONG_4H,LONG,t,,,,20240122,0.28,2.71,0,0.69,100,2,3.5,0,45.9,-0.7,0,-26.09,0,-5.16,2.74,1,4H,,-0.44
K_CHANNEL_REVERSION_LONG_4H_AR,1,,,,,,,,,714,2024-03-25 18:36:23.744702-04,2024-03-25 18:36:23.744702-04,AR,K_CHANNEL_REVERSION_LONG_4H,LONG,t,,,,20240122,-0.41,2.45,0,0.19,66.7,3,3.7,0,306.9,-1.2,0,-31.86,0,-7.18,3.84,1,4H,,-0.46
K_CHANNEL_REVERSION_LONG_4H_CHZ,0.6,,,,,,,,,715,2024-03-25 18:36:23.744702-04,2024-03-25 18:36:23.744702-04,CHZ,K_CHANNEL_REVERSION_LONG_4H,LONG,t,,,,20240122,0.46,2.42,0,0.67,100,4,11.1,0,45.2,-3.2,0,-27.76,0,-6.03,6.58,1,4H,,-0.98
K_CHANNEL_REVERSION_LONG_4H_BTC,1,,,,,,,,,716,2024-03-25 18:36:23.744702-04,2024-03-25 18:36:23.744702-04,BTC,K_CHANNEL_REVERSION_LONG_4H,LONG,t,,,,20231122,0.26,2.27,0,1.32,100,3,2.8,0,71.4,-2.6,0,-17.45,0,-2.62,2.88,1,4H,,-1.27
K_CHANNEL_REVERSION_LONG_4H_DOT,0.67,,,,,,,,,728,2024-03-25 18:36:23.744702-04,2024-03-25 18:36:23.744702-04,DOT,K_CHANNEL_REVERSION_LONG_4H,LONG,t,,,,20231122,0.05,1.59,0,0.74,100,2,12.3,0,72.2,-4.2,0,-34.42,0,-5.52,6.58,1,4H,,-1.57
K_CHANNEL_REVERSION_LONG_4H_RIF,0.9,,,,,,,,,730,2024-03-25 18:36:23.744702-04,2024-03-25 18:36:23.744702-04,RIF,K_CHANNEL_REVERSION_LONG_4H,LONG,t,,,,20240122,-0.81,1.55,0,0.47,100,1,11.5,0,78,-6.3,0,-27.38,0,-8.68,2.74,1,4H,,-3.16
K_CHANNEL_REVERSION_LONG_4H_DOGE,0.84,,,,,,,,,731,2024-03-25 18:36:23.744702-04,2024-03-25 18:36:23.744702-04,DOGE,K_CHANNEL_REVERSION_LONG_4H,LONG,t,,,,20240122,-0.91,1.5,0,0.52,66.7,3,17.9,0,90.3,-5,0,-34.9,0,-8.24,9.04,1,4H,,-2.45
BOLL_BAND_REVERSION_LONG_4H_TRU,0.57,,,,,,,,,690,2024-03-25 18:36:23.744702-04,2024-03-25 18:36:23.744702-04,TRU,BOLL_BAND_REVERSION_LONG_4H,LONG,t,t,,,20240122,0.54,2.35,0,0.44,100,5,20.4,0,135.4,-4,0,-27.43,0,-5.1,12.05,1,4H,,-1.33
K_CHANNEL_REVERSION_LONG_4H_ONE,0.63,,,,,,,,,704,2024-03-25 18:36:23.744702-04,2024-03-25 18:36:23.744702-04,ONE,K_CHANNEL_REVERSION_LONG_4H,LONG,t,t,,,20240122,2.22,3.87,0,0.75,100,5,8.9,0,102.8,-3.4,0,-29.43,0,-5.05,8.22,1,4H,,-1.28
K_CHANNEL_REVERSION_LONG_4H_VET,0.42,,,,,,,,,705,2024-03-25 18:36:23.744702-04,2024-03-25 18:36:23.744702-04,VET,K_CHANNEL_REVERSION_LONG_4H,LONG,t,t,,,20240122,2.1,3.77,0,0.66,100,3,3.7,0,49.9,-1,0,-26.98,0,-4.45,2.74,1,4H,,-0.5
K_CHANNEL_REVERSION_LONG_4H_QI,0.86,,,,,,,,,710,2024-03-25 18:36:23.744702-04,2024-03-25 18:36:23.744702-04,QI,K_CHANNEL_REVERSION_LONG_4H,LONG,t,t,,,20240122,0.53,2.98,0,0.24,88.9,9,27.6,0,69.9,-1.9,0,-28.44,0,-10.12,15.07,1,4H,,-1.07
MACD_CROSSOVER_LONG_4H_WBTC,0.32,,,,,,,,,566,2024-03-20 21:14:22.100666-04,2024-03-20 21:14:22.100666-04,WBTC,MACD_CROSSOVER_LONG_4H,LONG,t,t,,,20240115,0.81,3.36,2.22,1.76,42.9,7,8.6,26.4,58.9,-1.7,-4.86,-10.57,-1.4,-2.05,35.62,2.94,4H,,-0.5
MACD_CROSSOVER_LONG_4H_ONE,0.29,,,,,,,,,568,2024-03-20 21:14:22.100666-04,2024-03-20 21:14:22.100666-04,ONE,MACD_CROSSOVER_LONG_4H,LONG,t,t,,,20240115,0.96,3.24,1.07,0.85,33.3,6,14.1,72.5,97.7,-3.3,-12.31,-18.98,-4.9,-5.29,34.79,5.26,4H,,-1.1
MACD_CROSSOVER_LONG_4H_VET,0.52,,,,,,,,,570,2024-03-20 21:14:22.100666-04,2024-03-20 21:14:22.100666-04,VET,MACD_CROSSOVER_LONG_4H,LONG,t,t,,,20240115,1.2,3.1,2.17,0.7,50,2,3.4,15.3,44.9,-4.4,-18.54,-19.9,-5.94,-6.72,11.51,4.55,4H,,-1.4
BOLL_BAND_MOMENTUM_LONG_4H_XEC,0.35,,,,,,,,,388,2024-03-13 01:03:42.72086-04,2024-03-13 01:03:42.72086-04,XEC,BOLL_BAND_MOMENTUM_LONG_4H,LONG,t,t,,,20231107,0.71,1.72,1.44,0.48,46.7,15,8.2,18.9,110.2,-4.2,-9.38,-27.53,-4.37,-9.78,8.22,2.27,4H,f,
SMA_CROSSOVER_LONG_4H_WBTC,0.57,,,,,,,,,643,2024-03-20 23:54:21.630858-04,2024-03-20 23:54:21.630858-04,WBTC,SMA_CROSSOVER_LONG_4H,LONG,t,t,,,20240115,-0.62,2.14,0.34,1.76,44.4,9,21,126.3,58.9,-6,-27.41,-10.57,-5.93,-2.05,61.64,5.56,4H,,
SMA_CROSSOVER_LONG_4H_ONE,0.15,,,,,,,,,651,2024-03-20 23:54:21.630858-04,2024-03-20 23:54:21.630858-04,ONE,SMA_CROSSOVER_LONG_4H,LONG,t,t,,,20231115,0.3,1.89,0.95,0.68,50,6,6.2,57,118.4,-4.3,-31.19,-41.7,-6.01,-9.05,27.67,9.09,4H,,
SMA_CROSSOVER_LONG_4H_XEC,0.2,,,,,,,,,659,2024-03-20 23:54:21.630858-04,2024-03-20 23:54:21.630858-04,XEC,SMA_CROSSOVER_LONG_4H,LONG,t,t,,,20240115,0.52,1.63,0.42,0.35,28.6,7,15.4,65.7,66.5,-8.8,-23.7,-27.79,-11.5,-7.53,49.04,4.76,4H,,
K_CHANNEL_REVERSION_LONG_4H_WBTC,0.84,,,,,,,,,729,2024-03-25 18:36:23.744702-04,2024-03-25 18:36:23.744702-04,WBTC,K_CHANNEL_REVERSION_LONG_4H,LONG,t,t,,,20240122,-0.97,1.57,0,1.41,100,3,8.4,0,57.4,-4.4,0,-15.86,0,-2.03,6.85,1,4H,,-2.23
BOLL_BAND_MOMENTUM_LONG_4H_QNT,1,,,,,,,,,401,2024-03-13 01:03:42.72086-04,2024-03-13 01:03:42.72086-04,QNT,BOLL_BAND_MOMENTUM_LONG_4H,LONG,t,t,,,20231107,-0.8,1.51,0.26,0.63,60,10,21.4,152.4,23.4,-9.4,-31.96,-32.98,-14.81,-5.7,8.77,6.25,4H,f,
BOLL_BAND_MOMENTUM_LONG_4H_WBTC,0.54,,,,,,,,,398,2024-03-13 01:03:42.72086-04,2024-03-13 01:03:42.72086-04,WBTC,BOLL_BAND_MOMENTUM_LONG_4H,LONG,t,t,,,20240107,0.73,2.68,0.5,1.55,55.6,9,13.2,110.3,53.1,-2.8,-18.44,-17.86,-6.04,-3.03,26.03,7.14,4H,f,
STOCH_OSCILL_MOMENTUM_LONG_1D_CRO,0.7,,,,,,,,,334,2024-03-11 02:38:19.060573-04,2024-03-11 02:38:19.060573-04,CRO,STOCH_OSCILL_MOMENTUM_LONG_1D,LONG,t,t,,,20230310,0.74,1.84,1.35,0.89,50,6,123.3,311.8,154.5,-9.5,-19.65,-37.47,-5.94,-15.26,25.48,2.17,1D,f,
SMA_CROSSOVER_LONG_1D_HNT,0.4,,,,,,,,,282,2024-03-09 06:58:58.992834-05,2024-03-09 06:58:58.992834-05,HNT,SMA_CROSSOVER_LONG_1D,LONG,t,t,,,20230308,0.72,1.86,1.41,0.39,63.6,11,29.3,98.5,288.6,-6.5,-18.55,-50.09,-4.28,0,17.81,2.94,1D,f,
MACD_CROSSOVER_4H_AXS,0.3,slowLength,70,fastLength,10,atr_period,5,stop_range,4,164,2024-02-09 20:21:08.172886-05,2024-02-09 20:21:08.172886-05,AXS,MACD_CROSSOVER_4H,long,t,,signal_length,5,,,,,,,,,,,,,,,,,,,,
SMA_CROSSOVER_BTC,0.67,slowLength,35,fastLength,10,atr_period,35,stop_range,3,40,2024-01-27 08:16:27.240916-05,2024-01-27 08:16:27.240916-05,BTC,SMA_CROSSOVER,long,t,,,,,,,,,,,,,,,,,,,,,,,
BOLL_BAND_MOMENTUM_CAKE,0.49,period,25,kstd,1.25,atr_period,5,stop_range,2,36,2024-01-27 07:24:04.761029-05,2024-01-27 07:24:04.761029-05,CAKE,BOLL_BAND_MOMENTUM,long,t,,,,,,,,,,,,,,,,,,,,,,,
SMA_CROSSOVER_LONG_1D_AXS,0.41,,,,,,,,,284,2024-03-09 06:58:58.992834-05,2024-03-09 06:58:58.992834-05,AXS,SMA_CROSSOVER_LONG_1D,LONG,t,,,,20230308,0.6,1.54,1.18,0.3,66.7,6,23,80.1,32,-8.2,-23.51,-56.08,-4.91,0,18.08,3.12,1D,f,
SMA_CROSSOVER_AVAX,0.7,slowLength,35,fastLength,30,atr_period,20,stop_range,2,8,2024-01-11 15:10:00.260566-05,2024-01-11 15:10:00.260566-05,AVAX,SMA_CROSSOVER,long,t,,,,,,,,,,,,,,,,,,,,,,,
BTC_FEAR_GREED_INDEX_MOMENTUM_AVAX,0.66,slowLength,60,fastLength,35,atr_period,20,stop_range,2,4,2024-01-11 14:49:42.562151-05,2024-01-19 01:30:45.356248-05,AVAX,BTC_FEAR_GREED_INDEX_MOMENTUM,long,t,,,,,,,,,,,,,,,,,,,,,,,
BTC_FEAR_GREED_INDEX_MOMENTUM_LONG_1D_CRO,0.65,,,,,,,,,303,2024-03-10 10:50:56.528826-04,2024-03-10 10:50:56.528826-04,CRO,BTC_FEAR_GREED_INDEX_MOMENTUM_LONG_1D,LONG,t,t,,,20230309,1.06,2.02,1.76,0.91,100,3,136.8,236.3,146.9,-11.9,-14.85,-37.47,-3.09,0,22.19,1.54,1D,f,
BOLL_BAND_MOMENTUM_LONG_4H_NEAR,0.12,,,,,,,,,400,2024-03-13 01:03:42.72086-04,2024-03-13 01:03:42.72086-04,NEAR,BOLL_BAND_MOMENTUM_LONG_4H,LONG,t,,,,20231107,0.17,1.64,0.5,0.48,50,16,9.3,95.2,264.9,-3.5,-21.72,-44.17,-7.89,-8.18,39.04,9.09,4H,f,
BTC_FEAR_GREED_INDEX_MOMENTUM_BTC,0.61,slowLength,60,fastLength,50,atr_period,15,stop_range,3,1,2024-01-09 02:27:39.528212-05,2024-01-30 16:55:50.513249-05,BTC,BTC_FEAR_GREED_INDEX_MOMENTUM,long,t,,,,,,,,,,,,,,,,,,,,,,,
BOLL_BAND_MOMENTUM_LONG_4H_FTM,0.27,,,,,,,,,402,2024-03-13 01:03:42.72086-04,2024-03-13 01:03:42.72086-04,FTM,BOLL_BAND_MOMENTUM_LONG_4H,LONG,t,,,,20240107,0.07,1.58,0.24,0.59,54.5,11,8.8,76.5,95.8,-6.5,-31.44,-27.83,-16.72,-9.31,22.47,7.69,4H,f,
BOLL_BAND_MOMENTUM_LONG_4H_SUI,0.56,,,,,,,,,404,2024-03-13 01:03:42.72086-04,2024-03-13 01:03:42.72086-04,SUI,BOLL_BAND_MOMENTUM_LONG_4H,LONG,t,,,,20240107,0.33,1.65,0.06,0.4,60,5,10.1,84.9,84.5,-3.5,-28.71,-31.8,-10.91,-8.4,5.75,9.09,4H,f,
SMA_CROSSOVER_LONG_1D_RUNE,0.8,,,,,,,,,283,2024-03-09 06:58:58.992834-05,2024-03-09 06:58:58.992834-05,RUNE,SMA_CROSSOVER_LONG_1D,LONG,t,,,,20230308,0.4,1.55,1.2,0.64,100,5,62.7,146,287.5,-4.4,-8.33,-53.12,-4.1,0,9.59,2,1D,f,
BOLL_BAND_MOMENTUM_LONG_4H_AVAX,0.59,,,,,,,,,393,2024-03-13 01:03:42.72086-04,2024-03-13 01:03:42.72086-04,AVAX,BOLL_BAND_MOMENTUM_LONG_4H,LONG,t,,,,20231107,0.94,2.73,0.77,0.67,45.5,11,13.4,160.7,235.2,-1.9,-11.66,-43.48,-7.07,-8.2,3.7,9.09,4H,f,
BOLL_BAND_MOMENTUM_LONG_4H_DOT,0.31,,,,,,,,,394,2024-03-13 01:03:42.72086-04,2024-03-13 01:03:42.72086-04,DOT,BOLL_BAND_MOMENTUM_LONG_4H,LONG,t,,,,20231107,-0.34,1.99,0.61,0.87,42.3,26,9.5,96,108.3,-3,-23.16,-34.42,-10.6,-5.71,19.59,9.09,4H,f,
BOLL_BAND_MOMENTUM_LONG_4H_RUNE,0.88,,,,,,,,,396,2024-03-13 01:03:42.72086-04,2024-03-13 01:03:42.72086-04,RUNE,BOLL_BAND_MOMENTUM_LONG_4H,LONG,t,,,,20240107,-0.17,1.98,0.57,0.74,66.7,3,4.7,42.2,28,-1.8,-13.48,-27.99,-7.93,-8.54,2.19,9.09,4H,f,
BOLL_BAND_MOMENTUM_LONG_4H_PEPE,0.56,,,,,,,,,397,2024-03-13 01:03:42.72086-04,2024-03-13 01:03:42.72086-04,PEPE,BOLL_BAND_MOMENTUM_LONG_4H,LONG,t,,,,20231107,0.36,2.13,0.54,0.19,57.1,7,19.2,158.1,491.4,-2.3,-15.96,-47.62,-10.79,-11.43,2.74,7.14,4H,f,
BOLL_BAND_MOMENTUM_LONG_4H_BCH,0.26,,,,,,,,,399,2024-03-13 01:03:42.72086-04,2024-03-13 01:03:42.72086-04,BCH,BOLL_BAND_MOMENTUM_LONG_4H,LONG,t,,,,20240107,1.04,2.3,0.5,0.28,50,8,7.4,65.3,83,-1.5,-12.32,-25.82,-8.05,-6.03,10.14,8.33,4H,f,
STOCH_OSCILL_MOMENTUM_LONG_4H_WBTC,0.46,,,,,,,,,511,2024-03-14 04:13:45.04544-04,2024-03-14 04:13:45.04544-04,WBTC,STOCH_OSCILL_MOMENTUM_LONG_4H,LONG,t,t,,,20240107,1.02,3.19,0.7,1.55,51.4,35,10.2,93.9,53.1,-2.9,-20.22,-17.86,-5.64,-3.03,49.32,7.69,4H,f,
BOLL_BAND_MOMENTUM_LONG_1D_WBTC,0.61,,,,,,,,,270,2024-03-09 06:58:58.992834-05,2024-03-09 06:58:58.992834-05,WBTC,BOLL_BAND_MOMENTUM_LONG_1D,LONG,t,t,,,20230308,0.39,1.47,1.17,1.45,45.5,11,31.5,83.5,205,-9.7,-21.85,-20.09,-4.85,0,22.47,2.44,1D,f,
SMA_CROSSOVER_LONG_1D_BTC,0.59,,,,,,,,,286,2024-03-09 06:58:58.992834-05,2024-03-09 06:58:58.992834-05,BTC,SMA_CROSSOVER_LONG_1D,LONG,t,,,,20220308,-0.2,1.31,1.07,0.33,50,10,79,197.2,72.3,-15.5,-30.56,-66.74,-6.87,0,41.23,2.17,1D,f,
SMA_CROSSOVER_LONG_1D_AR,0.33,,,,,,,,,287,2024-03-09 06:58:58.992834-05,2024-03-09 06:58:58.992834-05,AR,SMA_CROSSOVER_LONG_1D,LONG,t,,,,20230308,0.52,1.3,1.03,0.52,44.4,9,97.5,188.5,372.4,-11.1,-17.96,-60.1,-6.13,0,37.26,1.82,1D,f,
STOCH_OSCILL_MOMENTUM_LONG_1D_KCS,0.48,,,,,,,,,342,2024-03-11 02:38:19.060573-04,2024-03-11 02:38:19.060573-04,KCS,STOCH_OSCILL_MOMENTUM_LONG_1D,LONG,t,t,,,20230310,0.24,1.42,1.13,0.62,52.4,21,50.2,122.2,82.1,-11.3,-20.58,-59.42,-8.41,-25,45.75,2.08,1D,f,
MACD_CROSSOVER_LONG_1D_VET,0.4,,,,,,,,,318,2024-03-10 10:50:56.528826-04,2024-03-10 10:50:56.528826-04,VET,MACD_CROSSOVER_LONG_1D,LONG,t,t,,,20230309,0.47,1.65,1.33,0.72,41.2,17,51.3,120.9,135.4,-10.5,-20.3,-44.64,-5.29,-9.23,45.48,2.08,1D,f,
BOLL_BAND_MOMENTUM_LONG_4H_UNI,0.41,,,,,,,,,389,2024-03-13 01:03:42.72086-04,2024-03-13 01:03:42.72086-04,UNI,BOLL_BAND_MOMENTUM_LONG_4H,LONG,t,,,,20240107,0.82,1.93,1.21,0.34,66.7,3,2,15,133,-0.4,-3.41,-17.03,-3.41,-7.04,1.92,7.69,4H,f,
STOCH_OSCILL_MOMENTUM_LONG_4H_VET,0.48,,,,,,,,,495,2024-03-14 04:13:45.04544-04,2024-03-14 04:13:45.04544-04,VET,STOCH_OSCILL_MOMENTUM_LONG_4H,LONG,t,t,,,20240107,0.38,2.27,1.04,0.71,50,6,6.8,34.6,58.4,-4.1,-19.08,-24.12,-7.5,-9.99,23.01,5,4H,f,
MACD_CROSSOVER_LONG_1D_WBTC,0.6,,,,,,,,,322,2024-03-10 10:50:56.528826-04,2024-03-10 10:50:56.528826-04,WBTC,MACD_CROSSOVER_LONG_1D,LONG,t,t,,,20230309,0.63,1.87,1.12,1.46,66.7,3,37.4,203.3,231.1,-5.1,-21.75,-20.09,-5.66,-4.05,18.08,4.35,1D,f,
MACD_CROSSOVER_4H_ICP,0.13,slowLength,30,fastLength,10,atr_period,10,stop_range,2,150,2024-02-09 20:21:08.172886-05,2024-02-09 20:21:08.172886-05,ICP,MACD_CROSSOVER_4H,long,t,,signal_length,5,,,,,,,,,,,,,,,,,,,,
MACD_CROSSOVER_LONG_1D_CRO,0.7,,,,,,,,,325,2024-03-10 10:50:56.528826-04,2024-03-10 10:50:56.528826-04,CRO,MACD_CROSSOVER_LONG_1D,LONG,t,t,,,20220309,0.1,1.42,1.04,0,80,5,162.1,758.6,-61.9,-17.7,-36.54,-89.89,-11.19,-24.31,23.7,2.78,1D,f,
MACD_CROSSOVER_4H_ETC,0.62,slowLength,45,fastLength,40,atr_period,40,stop_range,2,153,2024-02-09 20:21:08.172886-05,2024-02-09 20:21:08.172886-05,ETC,MACD_CROSSOVER_4H,long,t,,signal_length,5,,,,,,,,,,,,,,,,,,,,
MACD_CROSSOVER_4H_GMX,0.43,slowLength,30,fastLength,20,atr_period,40,stop_range,3,165,2024-02-09 20:21:08.172886-05,2024-02-09 20:21:08.172886-05,GMX,MACD_CROSSOVER_4H,long,t,,signal_length,15,,,,,,,,,,,,,,,,,,,,
MACD_CROSSOVER_4H_OP,0.45,slowLength,60,fastLength,35,atr_period,15,stop_range,3,166,2024-02-09 20:21:08.172886-05,2024-02-09 20:21:08.172886-05,OP,MACD_CROSSOVER_4H,long,t,,signal_length,5,,,,,,,,,,,,,,,,,,,,
BOLL_BAND_MOMENTUM_LONG_4H_GALA,0.66,,,,,,,,,390,2024-03-13 01:03:42.72086-04,2024-03-13 01:03:42.72086-04,GALA,BOLL_BAND_MOMENTUM_LONG_4H,LONG,t,,,,20231107,0.15,1.73,0.96,0.6,57.1,7,7.3,41.7,106.6,-2.5,-13.83,-40.9,-13.36,-8.17,2.6,5.56,4H,f,
BOLL_BAND_MOMENTUM_LONG_4H_BTC,0.4,,,,,,,,,392,2024-03-13 01:03:42.72086-04,2024-03-13 01:03:42.72086-04,BTC,BOLL_BAND_MOMENTUM_LONG_4H,LONG,t,,,,20240107,0.26,3.22,0.81,1.52,57.1,7,8.9,88.8,52.7,-1.5,-9.52,-17.46,-2.99,-2.85,18.36,9.09,4H,f,
MACD_CROSSOVER_LONG_1D_ADA,0.17,,,,,,,,,321,2024-03-10 10:50:56.528826-04,2024-03-10 10:50:56.528826-04,ADA,MACD_CROSSOVER_LONG_1D,LONG,t,,,,20230309,0.35,1.36,1.14,0.72,40,15,15.2,51.9,141.3,-5.6,-16.8,-46.64,-7.53,-10.39,40.55,3.23,1D,f,
MACD_CROSSOVER_LONG_1D_FET,0.43,,,,,,,,,327,2024-03-10 10:50:56.528826-04,2024-03-10 10:50:56.528826-04,FET,MACD_CROSSOVER_LONG_1D,LONG,t,,,,20230309,0.34,1.53,1.01,0.59,66.7,3,165.2,479.2,679.6,-8.6,-18.04,-60.02,-7.36,-14.08,26.85,2.38,1D,f,
BOLL_BAND_MOMENTUM_LONG_1D_NEAR,0.44,,,,,,,,,269,2024-03-09 06:58:58.992834-05,2024-03-09 06:58:58.992834-05,NEAR,BOLL_BAND_MOMENTUM_LONG_1D,LONG,t,,,,20230309,0.44,1.3,1.18,0.61,40,10,92.3,127.5,217.6,-13,-15.82,-57.95,-5.4,0,30.14,1.3,1D,f,
SMA_CROSSOVER_LONG_1D_BNB,0.66,,,,,,,,,285,2024-03-09 06:58:58.992834-05,2024-03-09 06:58:58.992834-05,BNB,SMA_CROSSOVER_LONG_1D,LONG,t,,,,20230308,-0.25,1.7,1.39,0.64,42.9,7,27.3,102.2,49.1,-12.2,-40.93,-41.06,-11.73,0,30.68,1.96,1D,f,
SMA_CROSSOVER_LONG_1D_THETA,0.58,,,,,,,,,293,2024-03-09 06:58:58.992834-05,2024-03-09 06:58:58.992834-05,THETA,SMA_CROSSOVER_LONG_1D,LONG,t,,,,20230308,0.39,1.51,1.35,0.72,40,5,70.1,0,203.6,-14.9,-15.3,-53.85,-7,0,24.11,1.32,1D,f,
STOCH_OSCILL_MOMENTUM_LONG_1D_SAND,0.4,,,,,,,,,335,2024-03-11 02:38:19.060573-04,2024-03-11 02:38:19.060573-04,SAND,STOCH_OSCILL_MOMENTUM_LONG_1D,LONG,t,,,,20230310,0.36,1.48,1.29,0.3,57.9,19,37.4,72.6,25.7,-8.2,-14.06,-59.93,-4.94,-16.9,48.22,1.79,1D,f,
STOCH_OSCILL_MOMENTUM_LONG_1D_THETA,0.71,,,,,,,,,336,2024-03-11 02:38:19.060573-04,2024-03-11 02:38:19.060573-04,THETA,STOCH_OSCILL_MOMENTUM_LONG_1D,LONG,t,,,,20230310,0.54,1.48,1.26,0.73,57.1,7,227.9,331.1,233.5,-11.9,-15.6,-53.85,-7.05,-14.54,38.36,1.33,1D,f,
STOCH_OSCILL_MOMENTUM_LONG_1D_MKR,0.64,,,,,,,,,344,2024-03-11 02:38:19.060573-04,2024-03-11 02:38:19.060573-04,MKR,STOCH_OSCILL_MOMENTUM_LONG_1D,LONG,t,,,,20230310,0.28,1.21,1.12,0.84,71.4,7,42.4,60,161.3,-12,-15.99,-32.31,-6.86,-10.21,34.52,1.37,1D,f,
BTC_SOPR_MOMENTUM_LONG_1D_TRX,0.82,,,,,,,,,299,2024-03-10 10:50:56.528826-04,2024-03-10 10:50:56.528826-04,TRX,BTC_SOPR_MOMENTUM_LONG_1D,LONG,t,,,,20230207,0.34,1.33,1.22,1.01,66.7,6,26.3,47.8,83.8,-6.1,-9.69,-20.19,-4.79,0,25.75,1.72,1D,f,
STOCH_OSCILL_MOMENTUM_LONG_4H_QI,0.3,,,,,,,,,486,2024-03-14 04:13:45.04544-04,2024-03-14 04:13:45.04544-04,QI,STOCH_OSCILL_MOMENTUM_LONG_4H,LONG,t,t,,,20240107,1.79,3.34,1.95,0.28,68.2,22,10.3,34.4,23.9,-4.1,-12.23,-28.77,-5.16,-16.04,37.26,3.12,4H,f,
STOCH_OSCILL_MOMENTUM_LONG_1D_ATOM,0.5,,,,,,,,,337,2024-03-11 02:38:19.060573-04,2024-03-11 02:38:19.060573-04,ATOM,STOCH_OSCILL_MOMENTUM_LONG_1D,LONG,t,,,,20230310,0.45,1.37,1.25,0.28,75,4,35.6,57.5,18.3,-8.5,-12.22,-52.48,-4.11,-19.75,31.51,1.56,1D,f,
STOCH_OSCILL_MOMENTUM_LONG_1D_BTC,0.8,,,,,,,,,339,2024-03-11 02:38:19.060573-04,2024-03-11 02:38:19.060573-04,BTC,STOCH_OSCILL_MOMENTUM_LONG_1D,LONG,t,,,,20230310,0.33,1.63,1.17,1.46,50,6,63.4,177.9,234.9,-10.3,-21.79,-20.06,-5.55,-4.42,39.18,2.44,1D,f,
STOCH_OSCILL_MOMENTUM_LONG_1D_LINK,0.55,,,,,,,,,340,2024-03-11 02:38:19.060573-04,2024-03-11 02:38:19.060573-04,LINK,STOCH_OSCILL_MOMENTUM_LONG_1D,LONG,t,,,,20230310,0.4,1.37,1.16,0.79,56.2,16,91.6,154.2,221.7,-12.6,-18.06,-40.31,-6.67,-9.04,50.41,1.49,1D,f,
STOCH_OSCILL_MOMENTUM_LONG_1D_RUNE,0.52,,,,,,,,,341,2024-03-11 02:38:19.060573-04,2024-03-11 02:38:19.060573-04,RUNE,STOCH_OSCILL_MOMENTUM_LONG_1D,LONG,t,,,,20230310,0.35,1.35,1.15,0.65,50,12,130.7,196.6,507.1,-13.3,-18.22,-53.12,-6.35,-11.38,48.49,1.43,1D,f,
STOCH_OSCILL_MOMENTUM_LONG_1D_ETH,0.63,,,,,,,,,338,2024-03-11 02:38:19.060573-04,2024-03-11 02:38:19.060573-04,ETH,STOCH_OSCILL_MOMENTUM_LONG_1D,LONG,t,,,,20230310,0.37,1.73,1.22,1.25,58.3,12,64.5,188,176.3,-8.7,-19.64,-27.38,-5.12,-4.94,44.11,2.44,1D,f,
BTC_FEAR_GREED_INDEX_MOMENTUM_LONG_1D_BNB,0.59,,,,,,,,,305,2024-03-10 10:50:56.528826-04,2024-03-10 10:50:56.528826-04,BNB,BTC_FEAR_GREED_INDEX_MOMENTUM_LONG_1D,LONG,t,,,,20230309,0.3,1.33,1.14,0.74,64.7,17,33.1,62.5,62.5,-12.1,-20.67,-41.06,-6.1,0,44.93,1.79,1D,f,
STOCH_OSCILL_MOMENTUM_LONG_1D_FTM,0.57,,,,,,,,,349,2024-03-11 02:38:19.060573-04,2024-03-11 02:38:19.060573-04,FTM,STOCH_OSCILL_MOMENTUM_LONG_1D,LONG,t,,,,20230310,0.22,1.31,1.02,0.5,45.5,11,139.7,250.6,138.5,-21.1,-31.31,-67.06,-10.66,-19.01,45.75,1.61,1D,f,
STOCH_OSCILL_MOMENTUM_LONG_4H_CHZ,0.19,,,,,,,,,487,2024-03-14 04:13:45.04544-04,2024-03-14 04:13:45.04544-04,CHZ,STOCH_OSCILL_MOMENTUM_LONG_4H,LONG,t,,,,20240107,1.74,2.63,1.94,0.65,42.9,7,9.5,21.6,89.3,-2.8,-6.03,-23.03,-1.7,-5.34,48.49,2.22,4H,f,
STOCH_OSCILL_MOMENTUM_LONG_1D_SOL,0.53,,,,,,,,,358,2024-03-11 02:38:19.060573-04,2024-03-11 02:38:19.060573-04,SOL,STOCH_OSCILL_MOMENTUM_LONG_1D,LONG,t,,,,20230310,-0.07,1.34,0.86,0.82,50,8,67.2,201.6,717,-16.5,-38.67,-42.88,-16.26,-11.14,33.7,2.63,1D,f,
STOCH_OSCILL_MOMENTUM_LONG_4H_AR,0.17,,,,,,,,,488,2024-03-14 04:13:45.04544-04,2024-03-14 04:13:45.04544-04,AR,STOCH_OSCILL_MOMENTUM_LONG_4H,LONG,t,,,,20240107,1.58,2.52,1.61,0.22,61.3,31,11.3,29.6,328.9,-3.5,-8.64,-25.7,-2.47,-7.09,51.23,2.5,4H,f,
STOCH_OSCILL_MOMENTUM_LONG_4H_TRX,0.55,,,,,,,,,489,2024-03-14 04:13:45.04544-04,2024-03-14 04:13:45.04544-04,TRX,STOCH_OSCILL_MOMENTUM_LONG_4H,LONG,t,,,,20240107,1.83,4.19,1.56,2.6,63.6,11,7,52.1,32.1,-2,-12.71,-8.7,-3.49,-1.43,37.26,6.67,4H,f,
STOCH_OSCILL_MOMENTUM_LONG_4H_BNB,0.2,,,,,,,,,490,2024-03-14 04:13:45.04544-04,2024-03-14 04:13:45.04544-04,BNB,STOCH_OSCILL_MOMENTUM_LONG_4H,LONG,t,,,,20240107,1.92,3.28,1.48,1.67,50,14,3.7,36.7,47.6,-1.9,-15.75,-10.35,-3.82,-2.51,50.14,9.09,4H,f,
BOLL_BAND_MOMENTUM_LONG_1D_SOL,0.61,,,,,,,,,276,2024-03-09 06:58:58.992834-05,2024-03-09 06:58:58.992834-05,SOL,BOLL_BAND_MOMENTUM_LONG_1D,LONG,t,,,,20230308,0.06,1.59,0.8,0.82,60,10,88.9,477.8,645.8,-11.7,-27,-42.88,-13.06,0,23.01,3.45,1D,f,
STOCH_OSCILL_MOMENTUM_LONG_4H_XEC,0.37,,,,,,,,,508,2024-03-14 04:13:45.04544-04,2024-03-14 04:13:45.04544-04,XEC,STOCH_OSCILL_MOMENTUM_LONG_4H,LONG,t,t,,,20231107,0.48,1.88,0.76,0.48,42.6,61,36.3,138,110.2,-4.7,-13.56,-27.53,-5.05,-9.78,52.74,3.12,4H,f,
STOCH_OSCILL_MOMENTUM_LONG_4H_PEPE,0.23,,,,,,,,,491,2024-03-14 04:13:45.04544-04,2024-03-14 04:13:45.04544-04,PEPE,STOCH_OSCILL_MOMENTUM_LONG_4H,LONG,t,,,,20240107,2.28,3.77,1.43,0.09,57.1,21,19.6,86.8,476.5,-5.6,-17.91,-39.31,-4.31,-12.72,35.07,3.7,4H,f,
STOCH_OSCILL_MOMENTUM_LONG_4H_SAND,0.35,,,,,,,,,509,2024-03-14 04:13:45.04544-04,2024-03-14 04:13:45.04544-04,SAND,STOCH_OSCILL_MOMENTUM_LONG_4H,LONG,t,,,,20240107,0.34,2.41,0.75,1.13,40,5,10.3,56.4,34.9,-3.7,-20.57,-21.34,-5.01,-4.8,46.85,5.88,4H,f,
STOCH_OSCILL_MOMENTUM_LONG_4H_ETH,0.48,,,,,,,,,510,2024-03-14 04:13:45.04544-04,2024-03-14 04:13:45.04544-04,ETH,STOCH_OSCILL_MOMENTUM_LONG_4H,LONG,t,,,,20240107,1.04,3.11,0.72,1.7,50,34,12.5,93,70.1,-3.4,-19.79,-17.77,-6.1,-2.84,53.97,6.25,4H,f,
STOCH_OSCILL_MOMENTUM_LONG_4H_NEAR,0.32,,,,,,,,,512,2024-03-14 04:13:45.04544-04,2024-03-14 04:13:45.04544-04,NEAR,STOCH_OSCILL_MOMENTUM_LONG_4H,LONG,t,,,,20231107,0.22,1.62,0.67,0.48,45.5,11,25.7,99.1,264.9,-7.9,-22.99,-44.17,-8.33,-8.18,45.89,3.7,4H,f,
STOCH_OSCILL_MOMENTUM_LONG_4H_AVAX,0.47,,,,,,,,,513,2024-03-14 04:13:45.04544-04,2024-03-14 04:13:45.04544-04,AVAX,STOCH_OSCILL_MOMENTUM_LONG_4H,LONG,t,,,,20240107,-0.25,1.76,0.65,0.83,40,25,11.7,42.8,26.5,-6.8,-24.92,-30.1,-6.52,-8.12,51.78,3.85,4H,f,
STOCH_OSCILL_MOMENTUM_LONG_4H_RAY,0.45,,,,,,,,,514,2024-03-14 04:13:45.04544-04,2024-03-14 04:13:45.04544-04,RAY,STOCH_OSCILL_MOMENTUM_LONG_4H,LONG,t,,,,20240107,-0.09,1.49,0.59,0.36,40,30,28.7,70.4,25.1,-10.9,-23.19,-35.05,-6.53,-17.69,43.84,2.33,4H,f,
STOCH_OSCILL_MOMENTUM_LONG_4H_MINA,0.29,,,,,,,,,515,2024-03-14 04:13:45.04544-04,2024-03-14 04:13:45.04544-04,MINA,STOCH_OSCILL_MOMENTUM_LONG_4H,LONG,t,,,,20231107,0.44,2.4,0.58,0.59,52.3,44,23.3,204.7,116.7,-6.6,-35.74,-40.31,-7.6,-10.61,34.38,6.25,4H,f,
STOCH_OSCILL_MOMENTUM_LONG_4H_CFX,0.42,,,,,,,,,516,2024-03-14 04:13:45.04544-04,2024-03-14 04:13:45.04544-04,CFX,STOCH_OSCILL_MOMENTUM_LONG_4H,LONG,t,,,,20240107,0.29,2.01,0.53,0.6,47.4,19,12.9,65.1,77.9,-6.6,-28.75,-24.98,-4.95,-8.4,32.33,4.76,4H,f,
STOCH_OSCILL_MOMENTUM_LONG_4H_ONE,0.32,,,,,,,,,504,2024-03-14 04:13:45.04544-04,2024-03-14 04:13:45.04544-04,ONE,STOCH_OSCILL_MOMENTUM_LONG_4H,LONG,t,t,,,20231107,0.63,2.21,0.86,0.7,64.3,14,25.7,115.8,152.1,-13.8,-45.49,-41.7,-8.43,-7.78,43.97,4.17,4H,f,
STOCH_OSCILL_MOMENTUM_LONG_4H_RUNE,0.56,,,,,,,,,520,2024-03-14 04:13:45.04544-04,2024-03-14 04:13:45.04544-04,RUNE,STOCH_OSCILL_MOMENTUM_LONG_4H,LONG,t,,,,20240107,-0.4,2.02,0.26,0.74,57.1,7,18.3,117.4,28,-4.5,-22.07,-27.99,-10.1,-8.54,13.15,5.56,4H,f,
STOCH_OSCILL_MOMENTUM_LONG_4H_AGIX,0.42,,,,,,,,,521,2024-03-14 04:13:45.04544-04,2024-03-14 04:13:45.04544-04,AGIX,STOCH_OSCILL_MOMENTUM_LONG_4H,LONG,t,,,,20240107,-0.06,1.76,0.18,0.31,62.5,16,37.3,218.6,332.1,-4,-14.1,-25.44,-7.59,-6.29,49.59,4,4H,f,
BOLL_BAND_MOMENTUM_WEMIX,0.86,period,35,kstd,3,atr_period,5,stop_range,2,37,2024-01-27 07:28:20.260492-05,2024-01-27 07:28:20.260492-05,WEMIX,BOLL_BAND_MOMENTUM,long,t,t,,,,,,,,,,,,,,,,,,,,,,
STOCH_OSCILL_MOMENTUM_LONG_4H_ENS,0.3,,,,,,,,,523,2024-03-14 04:13:45.04544-04,2024-03-14 04:13:45.04544-04,ENS,STOCH_OSCILL_MOMENTUM_LONG_4H,LONG,t,,,,20240107,-0.5,1.69,0.07,0.29,33.3,6,14.3,111.1,92.9,-5.2,-26.43,-39.27,-16.67,-13.61,18.08,9.09,4H,f,
STOCH_OSCILL_MOMENTUM_LONG_4H_SHIB,0.27,,,,,,,,,524,2024-03-14 04:13:45.04544-04,2024-03-14 04:13:45.04544-04,SHIB,STOCH_OSCILL_MOMENTUM_LONG_4H,LONG,t,,,,20231107,-0.19,1.73,0.03,0.35,51.4,37,36.4,441.8,275.6,-5.1,-37.44,-36.24,-17.15,-8.4,31.64,9.09,4H,f,
STOCH_OSCILL_MOMENTUM_LONG_1D_RNDR,0.7,,,,,,,,,343,2024-03-11 02:38:19.060573-04,2024-03-11 02:38:19.060573-04,RNDR,STOCH_OSCILL_MOMENTUM_LONG_1D,LONG,t,,,,20230310,0.21,1.41,1.13,0.63,71.4,7,80.1,161.5,878.8,-15,-24.04,-51.27,-7.47,-9.63,24.38,1.75,1D,f,
SMA_CROSSOVER_LONG_1D_KCS,0.47,,,,,,,,,289,2024-03-09 06:58:58.992834-05,2024-03-09 06:58:58.992834-05,KCS,SMA_CROSSOVER_LONG_1D,LONG,t,t,,,20220308,-0.04,2.15,1.85,0,41.2,17,53.9,64.7,-27.2,-19.5,-8.18,-82.3,-3.67,0,33.42,1.75,1D,f,
STOCH_OSCILL_MOMENTUM_LONG_1D_DOT,0.41,,,,,,,,,354,2024-03-11 02:38:19.060573-04,2024-03-11 02:38:19.060573-04,DOT,STOCH_OSCILL_MOMENTUM_LONG_1D,LONG,t,,,,20230310,-0.14,1.45,0.94,0.67,50,6,27.7,135.4,89,-5.2,-18.74,-47.29,-8.97,-12.97,24.66,4.35,1D,f,
SMA_CROSSOVER_LONG_1D_WBTC,0.71,,,,,,,,,290,2024-03-09 06:58:58.992834-05,2024-03-09 06:58:58.992834-05,WBTC,SMA_CROSSOVER_LONG_1D,LONG,t,t,,,20230308,0.1,1.53,0.95,1.43,77.8,9,52.7,163,207.4,-12.8,-35.94,-20.09,-8.85,0,33.7,2.86,1D,f,
STOCH_OSCILL_MOMENTUM_LONG_4H_THETA,0.18,,,,,,,,,494,2024-03-14 04:13:45.04544-04,2024-03-14 04:13:45.04544-04,THETA,STOCH_OSCILL_MOMENTUM_LONG_4H,LONG,t,,,,20231107,2.21,3.38,1.05,0.66,54.8,42,26.6,231.7,250.8,-2.5,-12.94,-35.93,-4.06,-6.71,50.68,5.56,4H,f,
STOCH_OSCILL_MOMENTUM_LONG_4H_IMX,0.42,,,,,,,,,496,2024-03-14 04:13:45.04544-04,2024-03-14 04:13:45.04544-04,IMX,STOCH_OSCILL_MOMENTUM_LONG_4H,LONG,t,,,,20240107,0.64,2.09,1.02,0.81,56,25,17.1,48.6,64.7,-10,-25.07,-24.45,-5.46,-6.38,51.78,2.7,4H,f,
STOCH_OSCILL_MOMENTUM_LONG_4H_OSMO,0.55,,,,,,,,,497,2024-03-14 04:13:45.04544-04,2024-03-14 04:13:45.04544-04,OSMO,STOCH_OSCILL_MOMENTUM_LONG_4H,LONG,t,,,,20240107,-0.01,1.57,1.01,0,38.2,34,10.7,23.8,-3.3,-7.5,-16.45,-29.22,-4.77,-14.5,53.15,2.27,4H,f,
STOCH_OSCILL_MOMENTUM_LONG_4H_GRT,0.45,,,,,,,,,498,2024-03-14 04:13:45.04544-04,2024-03-14 04:13:45.04544-04,GRT,STOCH_OSCILL_MOMENTUM_LONG_4H,LONG,t,,,,20240107,0.97,2.51,1,0.75,50,24,20.5,70.7,102.4,-3.5,-10.61,-25.58,-4.86,-6.6,50.41,3.12,4H,f,
STOCH_OSCILL_MOMENTUM_LONG_4H_ACH,0.29,,,,,,,,,499,2024-03-14 04:13:45.04544-04,2024-03-14 04:13:45.04544-04,ACH,STOCH_OSCILL_MOMENTUM_LONG_4H,LONG,t,,,,20231107,-0.01,1.65,0.96,0.63,46.7,15,9.3,42.2,45.5,-4.3,-17.88,-33.99,-8.29,-13.02,39.45,4.55,4H,f,
STOCH_OSCILL_MOMENTUM_LONG_4H_FIL,0.34,,,,,,,,,500,2024-03-14 04:13:45.04544-04,2024-03-14 04:13:45.04544-04,FIL,STOCH_OSCILL_MOMENTUM_LONG_4H,LONG,t,,,,20231107,0.47,1.84,0.93,0.67,55.6,18,21.6,82,124.8,-6.4,-19.61,-39.45,-8.2,-8.83,34.25,3.33,4H,f,
STOCH_OSCILL_MOMENTUM_LONG_4H_ADA,0.31,,,,,,,,,501,2024-03-14 04:13:45.04544-04,2024-03-14 04:13:45.04544-04,ADA,STOCH_OSCILL_MOMENTUM_LONG_4H,LONG,t,,,,20240107,1.39,3.2,0.9,1.05,45.7,35,14.2,88.7,41.4,-4.1,-19.22,-23.52,-7.1,-8.96,54.79,5.26,4H,f,
STOCH_OSCILL_MOMENTUM_LONG_4H_BTC,0.6,,,,,,,,,502,2024-03-14 04:13:45.04544-04,2024-03-14 04:13:45.04544-04,BTC,STOCH_OSCILL_MOMENTUM_LONG_4H,LONG,t,,,,20240107,0.67,2.63,0.89,1.52,41.2,34,14,67.3,52.7,-4,-16.21,-17.46,-5.98,-2.85,52.88,4.35,4H,f,
STOCH_OSCILL_MOMENTUM_LONG_4H_FTM,0.37,,,,,,,,,503,2024-03-14 04:13:45.04544-04,2024-03-14 04:13:45.04544-04,FTM,STOCH_OSCILL_MOMENTUM_LONG_4H,LONG,t,,,,20231107,0.15,1.72,0.87,0.61,56.5,46,15.9,61.5,191.5,-9.2,-30.67,-43.54,-6.83,-7.67,34.93,3.7,4H,f,
STOCH_OSCILL_MOMENTUM_LONG_4H_AAVE,0.54,,,,,,,,,505,2024-03-14 04:13:45.04544-04,2024-03-14 04:13:45.04544-04,AAVE,STOCH_OSCILL_MOMENTUM_LONG_4H,LONG,t,,,,20240107,-0.38,1.85,0.85,0.89,50,12,8,32.2,30.2,-7.1,-24.3,-28.77,-12.94,-10.68,41.37,4.17,4H,f,
STOCH_OSCILL_MOMENTUM_LONG_4H_WLD,0.25,,,,,,,,,506,2024-03-14 04:13:45.04544-04,2024-03-14 04:13:45.04544-04,WLD,STOCH_OSCILL_MOMENTUM_LONG_4H,LONG,t,,,,20240107,0.09,1.71,0.84,0.27,48,25,9.7,31.8,155.1,-7.6,-23.6,-33.09,-6.69,-8.69,50.14,3.33,4H,f,
